,Behavior,MPG
0,Parked,0.0
1,Aggressive Driving,12.718243373984919
2,Tailgating,15.778184344337653
3,Riding Brakes,21.852297790611082
4,Highway Speeding,23.826986263046194
5,Idling,0.0
6,Commute,29.668769651702277
