,Cities: Taiwan,MPG
0,Freewayno5 Can,42.08724672880998
1,Yilanarea Can,25.10377607831182
2,Highwayno9 Can,25.849260861893043
3,Highwayno2 Can,33.87022527421282
