,Subcity,MPG
0,Freeway No 5 Can,42.08724672880998
1,Yilan Area,25.10377607831182
2,Highway No 9,25.849260861893043
3,Highway No 2,33.87022527421282
